name,datetime,temp,feelslike,dew,humidity,precip,precipprob,preciptype,snow,snowdepth,windgust,windspeed,winddir,sealevelpressure,cloudcover,visibility,solarradiation,solarenergy,uvindex,severerisk,conditions,icon,stations
Barselona,2023-06-30T00:00:00,20.9,20.9,16,73.5,0,0,,0,0,24.1,13.8,74,1016.1,12.8,16.6,0,0,0,,Clear,clear-night,"LEBL,LELL,08181099999,08176399999"
Barselona,2023-06-30T01:00:00,21.9,21.9,15.4,66.59,0,0,,0,0,14,13,345,1016.5,25,18.5,0,0,0,,Partially cloudy,partly-cloudy-night,"LEBL,LELL,08181099999"
Barselona,2023-06-30T02:00:00,19.7,19.7,16.3,81.02,0,0,,0,0,51.8,15.6,23,1016.7,46.6,10,0,0,0,,Partially cloudy,partly-cloudy-night,"LEBL,LELL,08176399999"
Barselona,2023-06-30T03:00:00,19.2,19.2,17.6,90.39,0,0,,0,0,16.2,6.6,266,1015.8,40.2,14.6,0,0,0,,Partially cloudy,partly-cloudy-night,"LEBL,LELL,08181099999,08176399999"
Barselona,2023-06-30T04:00:00,19,19,17.1,88.93,0,0,,0,0,23.8,11.8,308,1015.6,25,16.6,0,0,0,,Partially cloudy,partly-cloudy-night,"LEBL,LELL,08181099999,08176399999"
Barselona,2023-06-30T05:00:00,18.7,18.7,16.9,89.1,0,0,,0,0,23,15,319,1015.6,45.6,14,0,0,0,,Partially cloudy,partly-cloudy-night,"LEBL,LELL,08181099999,08176399999"
Barselona,2023-06-30T06:00:00,19.3,19.3,16.9,85.71,0,0,,0,0,15.1,11.9,332,1015.6,75.3,16.6,0,0,0,,Partially cloudy,partly-cloudy-night,"LEBL,LELL,08181099999,08176399999"
Barselona,2023-06-30T07:00:00,19.7,19.7,16.5,81.63,0,0,,0,0,13.3,11.8,292,1015.7,88.7,16.6,18,0.1,0,,Partially cloudy,partly-cloudy-day,"LEBL,D1298,LELL,08181099999,08176399999"
Barselona,2023-06-30T08:00:00,20.6,20.6,16.5,77.37,5.7,100,rain,0,0,3.6,10.4,293,1016,85.8,16.6,27,0.1,0,,"Rain, Partially cloudy",rain,"LEBL,D1298,LELL,08181099999,08176399999"
Barselona,2023-06-30T09:00:00,21.4,21.4,16.1,71.87,0,0,,0,0,15.1,13,295,1016.4,75.4,16.6,85,0.3,1,,Partially cloudy,partly-cloudy-day,"LEBL,D1298,LELL,08181099999,08176399999"
Barselona,2023-06-30T10:00:00,22.8,22.8,15.9,64.88,0,0,,0,0,4,8.7,304,1016.6,62.1,15,277,1,3,,Partially cloudy,partly-cloudy-day,"LEBL,D1298,LELL,08181099999,08176399999"
Barselona,2023-06-30T11:00:00,24.2,24.2,16.6,62.34,0,0,,0,0,8.3,10.8,303,1016.6,46.5,11.7,426,1.5,4,,Partially cloudy,partly-cloudy-day,"LEBL,D1298,LELL,08181099999,08176399999"
Barselona,2023-06-30T12:00:00,24.8,24.8,16.9,61.45,0,0,,0,0,20.9,10.5,257,1016.6,66.7,16.6,697,2.5,7,,Partially cloudy,partly-cloudy-day,"LEBL,D1298,LELL,08181099999,08176399999"
Barselona,2023-06-30T13:00:00,25.4,25.4,16.5,57.96,0,0,,0,0,23,12.6,232,1016.7,35.4,12.7,829,3,8,,Partially cloudy,partly-cloudy-day,"LEBL,D1298,LELL,08181099999,08176399999"
Barselona,2023-06-30T14:00:00,25.2,25.2,16.6,58.74,0,0,,0,0,20.5,11.4,172,1017,70.3,16.6,680,2.4,7,,Partially cloudy,partly-cloudy-day,"LEBL,D1298,LELL,08181099999,08176399999"
Barselona,2023-06-30T15:00:00,25.4,25.4,16.7,58.61,0,0,,0,0,20.9,15.3,149,1016.4,66.7,16.6,792,2.9,8,,Partially cloudy,partly-cloudy-day,"LEBL,D1298,LELL,08181099999,08176399999"
Barselona,2023-06-30T16:00:00,25.6,25.6,16.8,58.22,0,0,,0,0,19.4,18.1,154,1016.1,66.7,16.3,755,2.7,8,,Partially cloudy,partly-cloudy-day,"LEBL,D1298,LELL,08181099999,08176399999"
Barselona,2023-06-30T17:00:00,25.6,25.6,17.2,59.81,0,0,,0,0,18.7,17.9,163,1015.7,37.6,16.6,646,2.3,6,,Partially cloudy,partly-cloudy-day,"LEBL,D1298,LELL,08181099999,08176399999"
Barselona,2023-06-30T18:00:00,25.1,25.1,17.3,61.84,0,0,,0,0,19.1,18.9,169,1015.1,41.3,16.6,513,1.8,5,,Partially cloudy,partly-cloudy-day,"LEBL,D1298,LELL,08181099999,08176399999"
Barselona,2023-06-30T19:00:00,25.2,25.2,17.2,61.06,0,0,,0,0,21.2,15.2,180,1015,41.3,16.6,346,1.2,3,,Partially cloudy,partly-cloudy-day,"LEBL,D1298,LELL,08181099999,08176399999"
Barselona,2023-06-30T20:00:00,24.8,24.8,18,65.92,0,0,,0,0,26.6,15.1,164,1015,63,16.6,175,0.6,2,,Partially cloudy,partly-cloudy-day,"LEBL,D1298,LELL,08181099999,08176399999"
Barselona,2023-06-30T21:00:00,24.3,24.3,17.6,65.93,0,0,,0,0,24.1,13.6,168,1015.4,56.8,10,43,0.2,0,,Partially cloudy,partly-cloudy-day,"LEBL,D1298,LELL,08181099999,08176399999"
Barselona,2023-06-30T22:00:00,23.8,23.8,18.7,73.42,0,0,,0,0,25.2,14.2,189,1015.7,38,15,7,0,0,,Partially cloudy,partly-cloudy-night,"LEBL,D1298,LELL,08181099999,08176399999"
Barselona,2023-06-30T23:00:00,23.5,23.5,19.4,77.64,0,0,,0,0,25.2,13.4,192,1016.6,50,14,0,0,0,,Partially cloudy,partly-cloudy-night,"LEBL,LELL,08181099999,08176399999"
Barselona,2023-07-01T00:00:00,23.3,23.3,19.2,77.73,0,0,,0,0,23.8,10.9,186,1016.5,25,14.3,0,0,0,,Partially cloudy,partly-cloudy-night,"LEBL,LELL,08181099999,08176399999"
Barselona,2023-07-01T01:00:00,23.3,23.3,19.1,77.16,0,0,,0,0,20.5,10.1,166,1016.2,41.3,15,0,0,0,,Partially cloudy,partly-cloudy-night,"LEBL,LELL,08181099999,08176399999"
Barselona,2023-07-01T02:00:00,22.9,22.9,16.9,68.78,0,0,,0,0,21.6,11.6,81,1015.7,61.2,16.6,0,0,0,,Partially cloudy,partly-cloudy-night,"LEBL,LELL,08181099999,08176399999"
Barselona,2023-07-01T03:00:00,20.6,20.6,18,85.07,0,0,,0,0,28.4,17.4,81,1016.5,73.9,16.6,0,0,0,,Partially cloudy,partly-cloudy-night,"LEBL,LELL,08181099999,08176399999"
Barselona,2023-07-01T04:00:00,20.2,20.2,17.4,84.32,0,0,,0,0,29.2,11.3,62,1016.6,50,16.6,0,0,0,,Partially cloudy,partly-cloudy-night,"LEBL,LELL,08181099999,08176399999"
Barselona,2023-07-01T05:00:00,19.7,19.7,16.7,82.52,0,0,,0,0,28.4,7.6,52,1016.6,83.3,16.6,0,0,0,,Partially cloudy,partly-cloudy-night,"LEBL,LELL,08181099999,08176399999"
Barselona,2023-07-01T06:00:00,20.1,20.1,16.3,79.13,0,0,,0,0,19.1,6.2,9,1016.6,56.8,16.6,0,0,0,,Partially cloudy,partly-cloudy-night,"LEBL,LELL,08181099999,08176399999"
Barselona,2023-07-01T07:00:00,19.5,19.5,11.6,60.43,0,0,,0,0,15.1,12.7,330,1016.6,88.7,16.6,27,0.1,0,,Partially cloudy,partly-cloudy-day,"LEBL,D1298,LELL,08181099999,08176399999"
Barselona,2023-07-01T08:00:00,20.1,20.1,11.4,57.21,0,0,,0,0,42.5,13.3,337,1016.6,57.9,16.6,73,0.3,1,,Partially cloudy,partly-cloudy-day,"LEBL,D1298,LELL,08181099999,08176399999"
Barselona,2023-07-01T09:00:00,21.8,21.8,11,50.29,0,0,,0,0,27,11.2,312,1016.8,50,18.6,240,0.9,2,,Partially cloudy,partly-cloudy-day,"D1298,LELL,08181099999,08176399999"
Barselona,2023-07-01T10:00:00,23,23,11.4,48.17,0,0,,0,0,42.5,13.9,334,1016.7,41.3,16.6,461,1.7,5,,Partially cloudy,partly-cloudy-day,"LEBL,D1298,LELL,08181099999,08176399999"
Barselona,2023-07-01T11:00:00,24.6,24.6,12.8,47.78,0,0,,0,0,19.8,7.1,318,1016.3,34.4,16.6,519,1.9,5,,Partially cloudy,partly-cloudy-day,"LEBL,D1298,LELL,08181099999,08176399999"
Barselona,2023-07-01T12:00:00,25.2,25.2,14.2,50.59,0,0,,0,0,9.7,11.8,184,1016,25,16.6,712,2.6,7,,Partially cloudy,partly-cloudy-day,"LEBL,D1298,LELL,08181099999,08176399999"
Barselona,2023-07-01T13:00:00,25.6,25.6,14,48.64,0,0,,0,0,21.2,13.8,201,1015.7,25,16.6,788,2.8,8,,Partially cloudy,partly-cloudy-day,"LEBL,D1298,LELL,08181099999,08176399999"
Barselona,2023-07-01T14:00:00,26.3,26.3,15.1,50.02,0,0,,0,0,23,12.2,210,1015.2,16.2,16.6,831,3,8,,Clear,clear-day,"LEBL,D1298,LELL,08181099999,08176399999"
Barselona,2023-07-01T15:00:00,26.7,27.2,16,51.77,0,0,,0,0,30.2,16.8,176,1014.6,0,16.6,827,3,8,,Clear,clear-day,"LEBL,D1298,LELL,08181099999,08176399999"
Barselona,2023-07-01T16:00:00,27.1,27.6,16.1,51.18,0,0,,0,0,29.9,20.6,174,1014.3,11.9,16.6,770,2.8,8,,Clear,clear-day,"LEBL,D1298,LELL,08181099999,08176399999"
Barselona,2023-07-01T17:00:00,27.1,27.4,15.3,48.52,0,0,,0,0,29.2,19.4,189,1014.2,0,16.6,672,2.4,7,,Clear,clear-day,"LEBL,D1298,LELL,08181099999,08176399999"
Barselona,2023-07-01T18:00:00,26.9,27.2,15,48.25,0,0,,0,0,29.2,19.3,189,1014.1,68.2,16.6,521,1.9,5,,Partially cloudy,partly-cloudy-day,"LEBL,D1298,LELL,08181099999,08176399999"
Barselona,2023-07-01T19:00:00,26.6,26.6,14.9,48.51,0,0,,0,0,28.8,21.2,204,1014.1,100,16.6,382,1.4,4,,Overcast,cloudy,"LEBL,D1298,LELL,08181099999,08176399999"
Barselona,2023-07-01T20:00:00,25.9,25.9,15.5,52.57,0,0,,0,0,30.2,21.6,210,1014,10,16.6,228,0.8,2,,Clear,clear-day,"LEBL,D1298,LELL,08181099999,08176399999"
Barselona,2023-07-01T21:00:00,25.1,25.1,16.2,57.74,0,0,,0,0,29.2,17.2,212,1014.3,29.3,16.6,45,0.2,0,,Partially cloudy,partly-cloudy-day,"LEBL,D1298,LELL,08181099999,08176399999"
Barselona,2023-07-01T22:00:00,24.5,24.5,16,59.34,0,0,,0,0,26.6,14.2,252,1014.7,42.8,16.6,9,0,0,,Partially cloudy,partly-cloudy-night,"LEBL,D1298,LELL,08181099999,08176399999"
Barselona,2023-07-01T23:00:00,23.8,23.8,16.4,63.2,0,0,,0,0,25.2,12.1,253,1015.3,50,16.6,0,0,0,,Partially cloudy,partly-cloudy-night,"LEBL,LELL,08181099999,08176399999"
Barselona,2023-07-02T00:00:00,23.6,23.6,16.7,65.51,0,0,,0,0,22.7,9.7,248,1015.6,63.6,16.6,0,0,0,,Partially cloudy,partly-cloudy-night,"LEBL,LELL,08181099999,08176399999"
Barselona,2023-07-02T01:00:00,22.8,22.8,16.7,68.76,0,0,,0,0,19.1,4.3,267,1015.6,84.1,16.6,0,0,0,,Partially cloudy,partly-cloudy-night,"LEBL,LELL,08181099999,08176399999"
Barselona,2023-07-02T02:00:00,22.2,22.2,17,72.77,0,0,,0,0,10.1,5.9,238,1015.3,30,16.6,0,0,0,,Partially cloudy,partly-cloudy-night,"LEBL,LELL,08181099999,08176399999"
Barselona,2023-07-02T03:00:00,21.9,21.9,17.8,77.38,0,0,,0,0,9,7.7,212,1015.3,52.4,16.6,0,0,0,,Partially cloudy,partly-cloudy-night,"LEBL,LELL,08181099999,08176399999"
Barselona,2023-07-02T04:00:00,20.9,20.9,16.8,77.36,0,0,,0,0,4.3,5.5,319,1015.1,26.6,16.6,0,0,0,,Partially cloudy,partly-cloudy-night,"LEBL,LELL,08181099999,08176399999"
Barselona,2023-07-02T05:00:00,20.9,20.9,15.3,70.08,0,0,,0,0,3.6,6.4,333,1015.5,27.9,16.6,0,0,0,,Partially cloudy,partly-cloudy-night,"LEBL,LELL,08181099999,08176399999"
Barselona,2023-07-02T06:00:00,19.9,19.9,15.7,76.91,0,0,,0,0,7.6,9.8,323,1015.6,25,16.6,0,0,0,,Partially cloudy,partly-cloudy-night,"LEBL,LELL,08181099999,08176399999"
Barselona,2023-07-02T07:00:00,20.9,20.9,15.9,72.97,0,0,,0,0,13,8.3,322,1015.6,25,16.6,15,0.1,0,,Partially cloudy,partly-cloudy-day,"LEBL,D1298,LELL,08181099999,08176399999"
Barselona,2023-07-02T08:00:00,22.2,22.2,15.9,67.7,0,0,,0,0,21.2,9.7,29,1015.7,27.9,16.6,119,0.4,1,,Partially cloudy,partly-cloudy-day,"LEBL,D1298,LELL,08181099999,08176399999"
Barselona,2023-07-02T09:00:00,23.8,23.8,16.4,63.12,0,0,,0,0,24.8,7.2,15,1016.5,50,16.6,281,1,3,,Partially cloudy,partly-cloudy-day,"LEBL,D1298,LELL,08181099999,08176399999"
Barselona,2023-07-02T10:00:00,25.8,25.8,17.6,60.5,0,0,,0,0,24.8,9.1,64,1016.6,35.4,15,435,1.6,4,,Partially cloudy,partly-cloudy-day,"LEBL,D1298,LELL,08181099999,08176399999"
Barselona,2023-07-02T11:00:00,26.4,26.4,18.2,60.63,0,0,,0,0,24.1,8.3,94,1016.4,40.2,16.6,653,2.4,7,,Partially cloudy,partly-cloudy-day,"LEBL,D1298,LELL,08181099999,08176399999"
Barselona,2023-07-02T12:00:00,26.6,26.6,18.9,62.36,0,0,,0,0,20.5,14.7,113,1016.1,26.7,16.6,703,2.5,7,,Partially cloudy,partly-cloudy-day,"LEBL,D1298,LELL,08181099999,08176399999"
Barselona,2023-07-02T13:00:00,27.2,28.4,19.2,61.93,0,0,,0,0,20.2,19.3,112,1016.1,41.3,16.6,790,2.8,8,,Partially cloudy,partly-cloudy-day,"LEBL,D1298,LELL,08181099999,08176399999"
Barselona,2023-07-02T14:00:00,26.8,28.3,20.1,66.52,0,0,,0,0,19.4,18.1,115,1016.1,36.4,18.3,830,3,8,,Partially cloudy,partly-cloudy-day,"LEBL,D1298,LELL,08181099999,08176399999"
Barselona,2023-07-02T15:00:00,27.2,28.8,20.2,65.45,0,0,,0,0,19.4,21.5,126,1015.7,35.4,16.6,824,3,8,,Partially cloudy,partly-cloudy-day,"LEBL,D1298,LELL,08181099999,08176399999"
Barselona,2023-07-02T16:00:00,27.2,28.9,20.5,66.76,0,0,,0,0,18.7,22.4,119,1015.6,35.4,16.6,766,2.8,8,,Partially cloudy,partly-cloudy-day,"LEBL,D1298,LELL,08181099999,08176399999"
Barselona,2023-07-02T17:00:00,26.8,28.2,20.1,67.01,0,0,,0,0,18.7,16.6,124,1015.3,41.4,16.6,672,2.4,7,,Partially cloudy,partly-cloudy-day,"LEBL,D1298,LELL,08181099999,08176399999"
Barselona,2023-07-02T18:00:00,26.4,26.4,20,68.25,0,0,,0,0,16.9,14.5,128,1015.6,41.3,16.6,537,1.9,5,,Partially cloudy,partly-cloudy-day,"LEBL,D1298,LELL,08181099999,08176399999"
Barselona,2023-07-02T19:00:00,26.2,26.2,19.1,64.99,0,0,,0,0,17.3,12.7,128,1015.3,41.3,16.6,381,1.4,4,,Partially cloudy,partly-cloudy-day,"LEBL,D1298,LELL,08181099999,08176399999"
Barselona,2023-07-02T20:00:00,25.8,25.8,18.9,65.74,0,0,,0,0,10.1,11.9,120,1015.6,27.8,16.6,218,0.8,2,,Partially cloudy,partly-cloudy-day,"LEBL,D1298,LELL,08181099999,08176399999"
Barselona,2023-07-02T21:00:00,25.1,25.1,18.2,65.41,0,0,,0,0,11.9,11.1,111,1015.7,33.3,16.6,45,0.2,0,,Partially cloudy,partly-cloudy-day,"LEBL,D1298,LELL,08181099999,08176399999"
Barselona,2023-07-02T22:00:00,24.6,24.6,19.1,71.49,0,0,,0,0,9.7,10.5,111,1016.3,33.3,16.6,9,0,0,,Partially cloudy,partly-cloudy-night,"LEBL,D1298,LELL,08181099999,08176399999"
Barselona,2023-07-02T23:00:00,24.2,24.2,20.3,78.88,0,0,,0,0,9,9.6,103,1016.6,52.7,16.6,0,0,0,,Partially cloudy,partly-cloudy-night,"LEBL,LELL,08181099999,08176399999"
Barselona,2023-07-03T00:00:00,23.8,23.8,21.1,84.86,0,0,,0,0,9.4,6.5,119,1017.5,66.7,16.6,0,0,0,,Partially cloudy,partly-cloudy-night,"LEBL,LELL,08181099999,08176399999"
Barselona,2023-07-03T01:00:00,23.6,23.6,19.9,79.95,0,0,,0,0,9,4.6,182,1017.3,27.4,16.6,0,0,0,,Partially cloudy,partly-cloudy-night,"LEBL,LELL,08181099999,08176399999"
Barselona,2023-07-03T02:00:00,23.7,23.7,20,79.8,0,0,,0,0,7.2,3.8,310,1016.7,27.9,16.6,0,0,0,,Partially cloudy,partly-cloudy-night,"LEBL,LELL,08181099999,08176399999"
Barselona,2023-07-03T03:00:00,22.8,22.8,19.5,81.46,0,0,,0,0,7.2,1.6,326,1016.7,25,16.6,0,0,0,,Partially cloudy,partly-cloudy-night,"LEBL,LELL,08181099999,08176399999"
Barselona,2023-07-03T04:00:00,22.6,22.6,19.4,82.16,0,0,,0,0,6.1,4,306,1016.6,25,16.6,0,0,0,,Partially cloudy,partly-cloudy-night,"LEBL,LELL,08181099999,08176399999"
Barselona,2023-07-03T05:00:00,21.8,21.8,19.4,86.62,0,0,,0,0,5,4.8,309,1016.1,16.2,16.6,0,0,0,,Clear,clear-night,"LEBL,LELL,08181099999,08176399999"
Barselona,2023-07-03T06:00:00,21.2,21.2,19.2,88.63,0,0,,0,0,6.5,4.8,307,1016,25,13.3,0,0,0,,Partially cloudy,partly-cloudy-night,"LEBL,LELL,08181099999,08176399999"
Barselona,2023-07-03T07:00:00,21.5,21.5,18.6,83.3,0,0,,0,0,6.8,9.5,324,1016.5,25,14,21,0.1,0,,Partially cloudy,partly-cloudy-day,"LEBL,D1298,LELL,08181099999,08176399999"
Barselona,2023-07-03T08:00:00,23.2,23.2,18.7,75.94,0,0,,0,0,5.4,6.2,333,1016.7,27.8,13.3,115,0.4,1,,Partially cloudy,partly-cloudy-day,"LEBL,D1298,LELL,08181099999,08176399999"
Barselona,2023-07-03T09:00:00,25.2,25.2,19.4,70.65,0,0,,0,0,6.1,5.3,66,1016.7,41.3,16.6,287,1,3,,Partially cloudy,partly-cloudy-day,"LEBL,D1298,LELL,08181099999,08176399999"
Barselona,2023-07-03T10:00:00,25.9,25.9,18.6,64.14,0,0,,0,0,4.7,8.4,139,1016.7,50,16.6,455,1.6,5,,Partially cloudy,partly-cloudy-day,"LEBL,D1298,LELL,08181099999,08176399999"
Barselona,2023-07-03T11:00:00,26.2,26.2,19.1,64.86,0,0,,0,0,14.4,11.2,145,1016.7,40.9,16.6,565,2,6,,Partially cloudy,partly-cloudy-day,"LEBL,D1298,LELL,08181099999,08176399999"
Barselona,2023-07-03T12:00:00,26.4,26.4,20.2,68.97,0,0,,0,0,20.5,15.6,163,1017.1,54.6,13.6,696,2.5,7,,Partially cloudy,partly-cloudy-day,"LEBL,D1298,LELL,08181099999,08176399999"
Barselona,2023-07-03T13:00:00,26.8,28.2,20.1,66.72,0,0,,0,0,20.5,19.3,169,1017.1,66.7,16.6,800,2.9,8,,Partially cloudy,partly-cloudy-day,"LEBL,D1298,LELL,08181099999,08176399999"
Barselona,2023-07-03T14:00:00,27.2,28.7,20,64.79,0,0,,0,0,24.8,18.9,174,1017.1,64.5,16.6,820,3,8,,Partially cloudy,partly-cloudy-day,"LEBL,D1298,LELL,08181099999,08176399999"
Barselona,2023-07-03T15:00:00,27.2,28.8,20,64.45,0,0,,0,0,34.2,19.2,185,1017.1,75.4,16.6,751,2.7,8,,Partially cloudy,partly-cloudy-day,"LEBL,D1298,LELL,08181099999,08176399999"
Barselona,2023-07-03T16:00:00,27.2,28.9,20.7,67.98,0,0,,0,0,42.1,21.1,193,1017,75.4,16.6,513,1.8,5,,Partially cloudy,partly-cloudy-day,"LEBL,D1298,LELL,08181099999,08176399999"
Barselona,2023-07-03T17:00:00,26.3,26.3,20.6,71.24,0,0,,0,0,34.2,21.8,211,1016.5,57.4,16.6,223,0.8,2,,Partially cloudy,partly-cloudy-day,"LEBL,D1298,LELL,08181099999,08176399999"
Barselona,2023-07-03T18:00:00,25.5,25.5,20.5,74.08,0,0,,0,0,34.6,16.1,237,1015.7,43.3,13,74,0.3,1,,Partially cloudy,partly-cloudy-day,"LEBL,D1298,LELL,08181099999,08176399999"
Barselona,2023-07-03T19:00:00,26,26,19.3,66.53,0,0,,0,0,31.3,7.5,163,1015.6,26.7,16.6,154,0.6,2,,Partially cloudy,partly-cloudy-day,"LEBL,D1298,LELL,08181099999,08176399999"
Barselona,2023-07-03T20:00:00,26.5,26.5,19.6,66.05,0,0,,0,0,33.1,13.3,202,1017,47.6,16.6,202,0.7,2,,Partially cloudy,partly-cloudy-day,"LEBL,D1298,LELL,08181099999,08176399999"
Barselona,2023-07-03T21:00:00,25.4,25.4,20,72,0,0,,0,0,32,17.3,219,1017,26.7,16.6,39,0.1,0,,Partially cloudy,partly-cloudy-day,"LEBL,D1298,LELL,08181099999,08176399999"
Barselona,2023-07-03T22:00:00,24.4,24.4,20,76.2,0,0,,0,0,30.2,14.5,239,1016.6,25,16.6,9,0,0,,Partially cloudy,partly-cloudy-night,"LEBL,D1298,LELL,08181099999,08176399999"
Barselona,2023-07-03T23:00:00,23.9,23.9,20.3,80.23,0,0,,0,0,27,12,252,1016.6,27.9,16.6,0,0,0,,Partially cloudy,partly-cloudy-night,"LEBL,LELL,08181099999,08176399999"
Barselona,2023-07-04T00:00:00,23.6,23.6,20.4,82.45,0,0,,0,0,21.2,5.8,272,1016.6,25,16.6,0,0,0,,Partially cloudy,partly-cloudy-night,"LEBL,LELL,08181099999,08176399999"
Barselona,2023-07-04T01:00:00,24,24,19.5,76.15,0,0,,0,0,18,5.1,253,1016.7,25,16.6,0,0,0,,Partially cloudy,partly-cloudy-night,"LEBL,LELL,08181099999,08176399999"
Barselona,2023-07-04T02:00:00,22.3,22.3,19,81.57,0,0,,0,0,12.6,7.5,252,1016.5,27.9,16.6,0,0,0,,Partially cloudy,partly-cloudy-night,"LEBL,LELL,08181099999,08176399999"
Barselona,2023-07-04T03:00:00,22.8,22.8,19.4,81.5,0,0,,0,0,13,3.6,353,1016,25,16.6,0,0,0,,Partially cloudy,partly-cloudy-night,"LEBL,LELL,08181099999,08176399999"
Barselona,2023-07-04T04:00:00,21.8,21.8,18.7,82.47,0,0,,0,0,8.3,7.2,339,1015.7,25,16.6,0,0,0,,Partially cloudy,partly-cloudy-night,"LEBL,LELL,08181099999,08176399999"
Barselona,2023-07-04T05:00:00,21.3,21.3,19.2,87.47,0,0,,0,0,7.2,6.7,303,1015.6,30,12.7,0,0,0,,Partially cloudy,partly-cloudy-night,"LEBL,LELL,08181099999,08176399999"
Barselona,2023-07-04T06:00:00,21.3,21.3,18.5,83.85,0,0,,0,0,8.6,3.2,318,1015.6,40.8,16.6,0,0,0,,Partially cloudy,partly-cloudy-night,"LEBL,LELL,08181099999,08176399999"
Barselona,2023-07-04T07:00:00,21.6,21.6,18.6,83.01,0,0,,0,0,7.6,7,332,1016,17,13.6,17,0.1,0,,Clear,clear-day,"LEBL,D1298,LELL,08181099999,08176399999"
Barselona,2023-07-04T08:00:00,23.2,23.2,19,77.25,0,0,,0,0,27.7,7.8,5,1016.5,21.1,12.7,81,0.3,1,,Partially cloudy,partly-cloudy-day,"LEBL,D1298,LELL,08181099999,08176399999"
Barselona,2023-07-04T09:00:00,25,25,19.6,71.83,0,0,,0,0,5.8,5.7,40,1016.6,33.3,13.3,147,0.5,1,,Partially cloudy,partly-cloudy-day,"LEBL,D1298,LELL,08181099999,08176399999"
Barselona,2023-07-04T10:00:00,25.8,25.8,20.3,71.54,0,0,,0,0,5.8,14.8,90,1016.6,63.3,16.6,419,1.5,4,,Partially cloudy,partly-cloudy-day,"LEBL,D1298,LELL,08181099999,08176399999"
Barselona,2023-07-04T11:00:00,26,26,19.3,66.3,0,0,,0,0,14.8,16.4,116,1016.7,64.5,11.3,578,2.1,6,,Partially cloudy,partly-cloudy-day,"LEBL,D1298,LELL,08181099999,08176399999"
Barselona,2023-07-04T12:00:00,26.2,26.2,19.5,66.76,0,0,,0,0,10.1,18,121,1017,75.4,12.7,658,2.4,7,,Partially cloudy,partly-cloudy-day,"LEBL,D1298,LELL,08181099999,08176399999"
Barselona,2023-07-04T13:00:00,26.1,26.1,18.7,63.52,0,0,,0,0,10.4,19.3,118,1017.1,66.7,15.6,234,0.8,2,,Partially cloudy,partly-cloudy-day,"LEBL,D1298,LELL,08181099999,08176399999"
Barselona,2023-07-04T14:00:00,26.4,26.4,17.6,58.42,0,0,,0,0,17.6,19.6,120,1016.7,52.9,18.5,398,1.4,4,,Partially cloudy,partly-cloudy-day,"LEBL,D1298,LELL,08181099999"
Barselona,2023-07-04T15:00:00,27,27.8,17.7,56.98,0,0,,0,0,19.4,17.2,112,1017,53.4,16.6,561,2,6,,Partially cloudy,partly-cloudy-day,"LEBL,D1298,LELL,08181099999,08176399999"
Barselona,2023-07-04T16:00:00,26.6,26.6,18.4,60.85,0,0,,0,0,19.1,18.1,115,1016.5,42,16.6,639,2.3,6,,Partially cloudy,partly-cloudy-day,"LEBL,D1298,LELL,08181099999,08176399999"
Barselona,2023-07-04T17:00:00,27,28.2,19.2,62.35,0,0,,0,0,15.8,15.7,130,1016.1,40.9,16.6,562,2,6,,Partially cloudy,partly-cloudy-day,"LEBL,D1298,LELL,08181099999,08176399999"
Barselona,2023-07-04T18:00:00,27.5,29.1,20.2,64.69,0,0,,0,0,14.8,13.8,138,1015.7,41.3,16.6,523,1.9,5,,Partially cloudy,partly-cloudy-day,"LEBL,D1298,LELL,08181099999,08176399999"
Barselona,2023-07-04T19:00:00,26.6,26.6,20.5,69.06,0,0,,0,0,15.5,16.2,169,1015.1,41.3,16.6,374,1.3,4,,Partially cloudy,partly-cloudy-day,"LEBL,D1298,LELL,08181099999,08176399999"
Barselona,2023-07-04T20:00:00,26,26,21.2,74.95,0,0,,0,0,15.5,12,161,1015.5,30.9,16.6,158,0.6,2,,Partially cloudy,partly-cloudy-day,"LEBL,D1298,LELL,08181099999,08176399999"
Barselona,2023-07-04T21:00:00,25.1,25.1,21.7,81.23,0,0,,0,0,15.8,11.2,125,1015.9,54.6,16,43,0.2,0,,Partially cloudy,partly-cloudy-day,"LEBL,D1298,LELL,08181099999,08176399999"
Barselona,2023-07-04T22:00:00,24.7,24.7,22.1,85.13,0,0,,0,0,13.7,8,145,1016.3,25,16.6,0,0,0,,Partially cloudy,partly-cloudy-night,"LEBL,D1298,LELL,08181099999,08176399999"
Barselona,2023-07-04T23:00:00,24.6,24.6,21.6,83.55,0,0,,0,0,10.4,5,222,1016.6,49.6,16.6,0,0,0,,Partially cloudy,partly-cloudy-night,"LEBL,D1298,LELL,08181099999,08176399999"
Barselona,2023-07-05T00:00:00,24,24,21.6,86.62,0,0,,0,0,8.6,5.2,223,1016.7,25,15.3,0,0,0,,Partially cloudy,partly-cloudy-night,"LEBL,D1298,LELL,08181099999,08176399999"
Barselona,2023-07-05T01:00:00,23.3,23.3,21.2,88.18,0,0,,0,0,7.2,4.1,258,1017.2,46.8,16.6,0,0,0,,Partially cloudy,partly-cloudy-night,"LEBL,D1298,LELL,08181099999,08176399999"
Barselona,2023-07-05T02:00:00,22.9,22.9,21.1,89.62,0,0,,0,0,2.9,4.9,309,1016.7,27.9,15.6,0,0,0,,Partially cloudy,partly-cloudy-night,"LEBL,D1298,LELL,08181099999,08176399999"
Barselona,2023-07-05T03:00:00,22.3,22.3,20.2,87.59,0,0,,0,0,5,6.1,323,1016.7,37,16.6,0,0,0,,Partially cloudy,partly-cloudy-night,"LEBL,D1298,LELL,08181099999,08176399999"
Barselona,2023-07-05T04:00:00,22.1,22.1,19.8,86.55,0,0,,0,0,5.8,6.6,348,1016.6,37.2,16.6,0,0,0,,Partially cloudy,partly-cloudy-night,"LEBL,D1298,LELL,08181099999,08176399999"
Barselona,2023-07-05T05:00:00,22,22,19.8,87.3,0,0,,0,0,5.4,7.1,343,1016.6,35.7,16.6,0,0,0,,Partially cloudy,partly-cloudy-night,"LEBL,D1298,LELL,08181099999,08176399999"
Barselona,2023-07-05T06:00:00,22.1,22.1,19.6,85.58,0,0,,0,0,6.8,6.6,359,1016.7,57.9,14.3,0,0,0,,Partially cloudy,partly-cloudy-night,"LEBL,D1298,LELL,08181099999,08176399999"
Barselona,2023-07-05T07:00:00,22.2,22.2,19.6,85.41,0,0,,0,0,12.2,4.7,360,1017.2,48.6,12.7,6,0,0,,Partially cloudy,partly-cloudy-day,"LEBL,D1298,LELL,08181099999,08176399999"
Barselona,2023-07-05T08:00:00,22.8,22.8,19.9,83.84,0,0,,0,0,16.2,6,353,1017.6,88.4,10.8,59,0.2,1,,Partially cloudy,partly-cloudy-day,"LEBL,D1298,LELL,08181099999,08176399999"
Barselona,2023-07-05T09:00:00,23.6,23.6,20.1,80.77,0,0,,0,0,15.5,6.6,33,1017.6,88.7,10.6,205,0.7,2,,Partially cloudy,partly-cloudy-day,"LEBL,D1298,LELL,08181099999,08176399999"
Barselona,2023-07-05T10:00:00,24.8,24.8,21,79.6,0,0,,0,0,16.6,9.3,104,1018,88.7,15.3,200,0.7,2,,Partially cloudy,partly-cloudy-day,"LEBL,D1298,LELL,08181099999,08176399999"
Barselona,2023-07-05T11:00:00,24.2,24.2,20.2,78.52,0,0,,0,0,21.6,18.5,108,1018.3,89.1,11.2,58,0.2,1,,Partially cloudy,partly-cloudy-day,"LEBL,D1298,LELL,08181099999,08176399999"
Barselona,2023-07-05T12:00:00,24,24,20.1,79.16,0,0,,0,0,27,16.4,116,1018.7,88.7,9.9,100,0.4,1,,Partially cloudy,partly-cloudy-day,"LEBL,D1298,LELL,08181099999,08176399999"
Barselona,2023-07-05T13:00:00,24.8,24.8,19.1,70.42,0,0,,0,0,26.6,17.5,114,1018.6,88.7,16.3,237,0.9,2,,Partially cloudy,partly-cloudy-day,"LEBL,D1298,LELL,08181099999,08176399999"
Barselona,2023-07-05T14:00:00,25.4,25.4,18.7,66.51,0,0,,0,0,23,17.9,128,1018.3,89.1,16.6,563,2,6,,Partially cloudy,partly-cloudy-day,"LEBL,D1298,LELL,08181099999,08176399999"
Barselona,2023-07-05T15:00:00,25.2,25.2,19.1,68.8,0,0,,0,0,22.3,16,125,1018.1,92,13,287,1,3,,Overcast,cloudy,"LEBL,D1298,LELL,08181099999,08176399999"
Barselona,2023-07-05T16:00:00,25.2,25.2,19,68.52,0,0,,0,0,22.7,13.8,123,1018.1,95.8,15.6,508,1.8,5,,Overcast,cloudy,"LEBL,D1298,LELL,08181099999,08176399999"
Barselona,2023-07-05T17:00:00,25.1,25.1,18.8,67.9,0,0,,0,0,23,13.7,126,1017.1,72.9,15.6,615,2.2,6,,Partially cloudy,partly-cloudy-day,"LEBL,D1298,LELL,08181099999,08176399999"
Barselona,2023-07-05T18:00:00,25,25,18.7,68.29,0,0,,0,0,20.2,12.3,122,1017.1,88.7,16.6,169,0.6,2,,Partially cloudy,partly-cloudy-day,"LEBL,D1298,LELL,08181099999,08176399999"
Barselona,2023-07-05T19:00:00,24.7,24.7,18.7,69.02,0,0,,0,0,20.9,11.2,108,1016.4,66.7,16.6,323,1.2,3,,Partially cloudy,partly-cloudy-day,"LEBL,D1298,LELL,08181099999,08176399999"
Barselona,2023-07-05T20:00:00,24.2,24.2,18.9,72.29,0,0,,0,0,16.2,10.7,120,1016.2,54.1,15,193,0.7,2,,Partially cloudy,partly-cloudy-day,"LEBL,D1298,LELL,08181099999,08176399999"
Barselona,2023-07-05T21:00:00,24.2,24.2,18.7,71.25,0,0,,0,0,16.6,6.7,130,1016.7,41.3,16.6,7,0,0,,Partially cloudy,partly-cloudy-day,"LEBL,D1298,LELL,08181099999,08176399999"
Barselona,2023-07-05T22:00:00,23.7,23.7,19.1,75.13,0,0,,0,0,10.1,6.2,100,1016.5,25,15.6,0,0,0,,Partially cloudy,partly-cloudy-night,"LEBL,D1298,LELL,08181099999,08176399999"
Barselona,2023-07-05T23:00:00,23.4,23.4,19.7,79.71,0,0,,0,0,17.6,9.7,91,1016.4,63.2,16.6,0,0,0,,Partially cloudy,partly-cloudy-night,"LEBL,D1298,LELL,08181099999,08176399999"
Barselona,2023-07-06T00:00:00,23.2,23.2,19.3,78.87,0,0,,0,0,18.7,8.5,101,1016.7,25,16.6,0,0,0,,Partially cloudy,partly-cloudy-night,"LEBL,D1298,LELL,08181099999,08176399999"
Barselona,2023-07-06T01:00:00,22.7,22.7,19.2,80.95,0,0,,0,0,19.4,9,106,1016.8,50,18.2,0,0,0,,Partially cloudy,partly-cloudy-night,"D1298,LELL,08181099999,08176399999"
Barselona,2023-07-06T02:00:00,22.4,22.4,19.6,84.11,0,0,,0,0,15.8,8.4,109,1016.6,48.7,16.6,0,0,0,,Partially cloudy,partly-cloudy-night,"LEBL,D1298,LELL,08181099999,08176399999"
Barselona,2023-07-06T03:00:00,22.1,22.1,19.5,84.91,0,0,,0,0,17.6,6.3,32,1016.3,25,16.6,0,0,0,,Partially cloudy,partly-cloudy-night,"LEBL,D1298,LELL,08181099999,08176399999"
Barselona,2023-07-06T04:00:00,21.5,21.5,19.1,86.16,0,0,,0,0,14.4,5.3,17,1016.6,27.4,16.6,0,0,0,,Partially cloudy,partly-cloudy-night,"LEBL,D1298,LELL,08181099999,08176399999"
Barselona,2023-07-06T05:00:00,21.2,21.2,19,87.46,0,0,,0,0,13.3,8,339,1016.6,25,16.6,0,0,0,,Partially cloudy,partly-cloudy-night,"LEBL,D1298,LELL,08181099999,08176399999"
Barselona,2023-07-06T06:00:00,20.7,20.7,19,89.84,0,0,,0,0,14,7.8,338,1016,50,14.3,0,0,0,,Partially cloudy,partly-cloudy-night,"LEBL,D1298,LELL,08181099999,08176399999"
Barselona,2023-07-06T07:00:00,21.2,21.2,18.9,86.92,0,0,,0,0,14,6.9,358,1015.9,50,13.6,33,0.1,0,,Partially cloudy,partly-cloudy-day,"LEBL,D1298,LELL,08181099999,08176399999"
Barselona,2023-07-06T08:00:00,22.3,22.3,18.2,77.78,0.7,100,rain,0,0,16.6,8,358,1016,32.7,16.2,181,0.7,2,,"Rain, Partially cloudy",rain,"LEBL,D1298,LELL,08181099999,08176399999"
Barselona,2023-07-06T09:00:00,24.5,24.5,18.2,67.94,0,0,,0,0,19.1,6.7,37,1016,12.8,15.2,142,0.5,1,,Clear,clear-day,"LEBL,D1298,LELL,08181099999,08176399999"
Barselona,2023-07-06T10:00:00,26,26,16.6,56.28,0,0,,0,0,13.7,10.3,96,1016,12.8,16.2,497,1.8,5,,Clear,clear-day,"LEBL,D1298,LELL,08181099999,08176399999"
Barselona,2023-07-06T11:00:00,26.7,27.1,15.1,48.9,0,0,,0,0,17.3,10.9,123,1016,20,16.2,499,1.8,5,,Clear,clear-day,"LEBL,D1298,LELL,08181099999,08176399999"
Barselona,2023-07-06T12:00:00,27.6,27.8,15.2,46.7,0,0,,0,0,19.1,10,105,1016,26.7,16.6,749,2.7,7,,Partially cloudy,partly-cloudy-day,"LEBL,D1298,LELL,08181099999,08176399999"
Barselona,2023-07-06T13:00:00,27.9,28.1,15.5,46.66,0,0,,0,0,20.9,14.2,117,1016.1,26.7,16.6,833,3,8,,Partially cloudy,partly-cloudy-day,"LEBL,D1298,LELL,08181099999,08176399999"
Barselona,2023-07-06T14:00:00,28.5,28.9,16.9,49.58,0,0,,0,0,17.6,13.5,124,1015.7,31.1,16.6,770,2.8,8,,Partially cloudy,partly-cloudy-day,"LEBL,D1298,LELL,08181099999,08176399999"
Barselona,2023-07-06T15:00:00,27.8,28.6,17.7,54.37,0,0,,0,0,17.6,15.2,133,1015.2,25,18.5,722,2.6,7,,Partially cloudy,partly-cloudy-day,"LEBL,D1298,LELL,08181099999"
Barselona,2023-07-06T16:00:00,27.4,28.2,17.5,54.74,0,0,,0,0,17.3,19.3,145,1015,37,10,668,2.4,7,,Partially cloudy,partly-cloudy-day,"LEBL,D1298,LELL"
Barselona,2023-07-06T17:00:00,26.7,27.9,18.8,61.63,0,0,,0,0,15.5,16.4,142,1014.7,36.4,16.6,443,1.6,4,,Partially cloudy,partly-cloudy-day,"LEBL,D1298,LELL,08181099999,08176399999"
Barselona,2023-07-06T18:00:00,26.1,26.1,19.1,65.02,0,0,,0,0,17.3,9.3,132,1015.3,26.7,16.4,100,0.4,1,,Partially cloudy,partly-cloudy-day,"LEBL,D1298,LELL,08181099999,08176399999"
Barselona,2023-07-06T19:00:00,25.5,25.5,19.1,67.58,0,0,,0,0,15.8,6.2,74,1014.7,26.7,16.2,39,0.1,0,,Partially cloudy,partly-cloudy-day,"LEBL,D1298,LELL,08181099999,08176399999"
Barselona,2023-07-06T20:00:00,25.4,25.4,19.3,69.08,0,0,,0,0,11.2,7.6,118,1014.2,47.6,14.5,26,0.1,0,,Partially cloudy,partly-cloudy-day,"LEBL,D1298,LELL,08181099999,08176399999"
Barselona,2023-07-06T21:00:00,25,25,19.5,71.73,0,0,,0,0,11.5,9.3,75,1014.2,26.7,16.2,0,0,0,,Partially cloudy,partly-cloudy-day,"LEBL,D1298,LELL,08181099999,08176399999"
Barselona,2023-07-06T22:00:00,24.8,24.8,20.3,76.14,0,0,,0,0,6.8,5.4,342,1015.8,25,16.6,0,0,0,,Partially cloudy,partly-cloudy-night,"LEBL,D1298,LELL,08181099999,08176399999"
Barselona,2023-07-06T23:00:00,24.6,24.6,19.6,73.74,0,0,,0,0,4.3,3.4,262,1016,33.8,16.6,0,0,0,,Partially cloudy,partly-cloudy-night,"LEBL,D1298,LELL,08181099999,08176399999"
Barselona,2023-07-07T00:00:00,24.2,24.2,20.2,78.38,0,0,,0,0,5.8,6.4,160,1015.5,25,16.6,0,0,0,,Partially cloudy,partly-cloudy-night,"LEBL,D1298,LELL,08181099999,08176399999"
Barselona,2023-07-07T01:00:00,23.5,23.5,20.2,82.04,0,0,,0,0,5.4,7.1,230,1015.6,0,16.6,0,0,0,,Clear,clear-night,"LEBL,D1298,LELL,08181099999,08176399999"
Barselona,2023-07-07T02:00:00,22.7,22.7,19.1,80.32,0,0,,0,0,2.9,6.2,313,1015.7,0,16.6,0,0,0,,Clear,clear-night,"LEBL,D1298,LELL,08181099999,08176399999"
Barselona,2023-07-07T03:00:00,21.9,21.9,19.2,85.03,0,0,,0,0,5,9.3,320,1015.5,12.6,16,0,0,0,,Clear,clear-night,"LEBL,D1298,LELL,08181099999,08176399999"
Barselona,2023-07-07T04:00:00,21.7,21.7,18.9,84.19,0,0,,0,0,7.9,10.1,328,1015.2,21.1,15,0,0,0,,Partially cloudy,partly-cloudy-night,"LEBL,D1298,LELL,08181099999,08176399999"
Barselona,2023-07-07T05:00:00,20.7,20.7,18.6,87.42,0,0,,0,0,9,10.5,343,1014.7,0,14,0,0,0,,Clear,clear-night,"LEBL,D1298,LELL,08181099999,08176399999"
Barselona,2023-07-07T06:00:00,20.6,20.6,18,84.9,0,0,,0,0,11.5,8.8,324,1014.7,25,16.6,0,0,0,,Partially cloudy,partly-cloudy-night,"LEBL,D1298,LELL,08181099999,08176399999"
Barselona,2023-07-07T07:00:00,21,21,18.2,84.1,0,0,,0,0,11.9,9.9,326,1015,16.5,14,26,0.1,0,,Clear,clear-day,"LEBL,D1298,LELL,08181099999,08176399999"
Barselona,2023-07-07T08:00:00,22.8,22.8,18.2,75.34,0,0,,0,0,13.3,8.7,17,1015.6,33.8,13.3,100,0.4,1,,Partially cloudy,partly-cloudy-day,"LEBL,D1298,LELL,08181099999,08176399999"
Barselona,2023-07-07T09:00:00,25.2,25.2,19.4,70.46,0,0,,0,0,18.7,9.3,48,1016,45.6,16.6,332,1.2,3,,Partially cloudy,partly-cloudy-day,"LEBL,D1298,LELL,08181099999,08176399999"
Barselona,2023-07-07T10:00:00,26.6,26.6,18.4,60.83,0,0,,0,0,22.3,16.5,46,1015.9,25,16.6,475,1.7,5,,Partially cloudy,partly-cloudy-day,"LEBL,D1298,LELL,08181099999,08176399999"
Barselona,2023-07-07T11:00:00,27.8,28.6,17.7,54.22,0,0,,0,0,24.5,18.3,63,1015.5,57.3,16.6,638,2.3,6,,Partially cloudy,partly-cloudy-day,"LEBL,D1298,LELL,08181099999,08176399999"
Barselona,2023-07-07T12:00:00,28.1,28.8,17.4,52.32,0,0,,0,0,28.8,21.6,101,1015.4,25,16.6,468,1.7,5,,Partially cloudy,partly-cloudy-day,"LEBL,D1298,LELL,08181099999,08176399999"
Barselona,2023-07-07T13:00:00,28.9,29,16,45.72,0,0,,0,0,34.6,23.1,119,1015.5,25,16.6,810,2.9,8,,Partially cloudy,partly-cloudy-day,"LEBL,D1298,LELL,08181099999,08176399999"
Barselona,2023-07-07T14:00:00,28.7,28.7,15.6,44.95,0,0,,0,0,32,22.9,101,1015.6,63.2,16.6,308,1.1,3,,Partially cloudy,partly-cloudy-day,"LEBL,D1298,LELL,08181099999,08176399999"
Barselona,2023-07-07T15:00:00,27.3,27.8,16.6,52.08,0,0,,0,0,37.8,19.8,104,1015.5,63.2,16.6,149,0.5,1,,Partially cloudy,partly-cloudy-day,"LEBL,D1298,LELL,08181099999,08176399999"
Barselona,2023-07-07T16:00:00,27.1,27.9,17.3,54.96,0,0,,0,0,42.5,21,95,1015.7,25,16.6,768,2.8,8,,Partially cloudy,partly-cloudy-day,"LEBL,D1298,LELL,08181099999,08176399999"
Barselona,2023-07-07T17:00:00,28.2,28.9,17.4,51.83,0,0,,0,0,40.3,21.5,68,1015,27.9,10,731,2.6,7,,Partially cloudy,partly-cloudy-day,"LEBL,D1298,LELL,08181099999,08176399999"
Barselona,2023-07-07T18:00:00,28.9,29.3,17,48.73,0,0,,0,0,34.6,23.2,73,1014.6,85.6,15,374,1.3,4,,Partially cloudy,partly-cloudy-day,"LEBL,D1298,LELL,08181099999,08176399999"
Barselona,2023-07-07T19:00:00,27.9,28.9,18.5,56.62,0,0,,0,0,34.2,17.3,86,1014.1,25,16.6,134,0.5,1,,Partially cloudy,partly-cloudy-day,"LEBL,D1298,LELL,08181099999,08176399999"
Barselona,2023-07-07T20:00:00,25.8,25.8,20.1,71.01,0,0,,0,0,34.6,21.2,107,1014,27.9,13,127,0.5,1,,Partially cloudy,partly-cloudy-day,"LEBL,D1298,LELL,08181099999,08176399999"
Barselona,2023-07-07T21:00:00,25,25,20.5,76.03,0,0,,0,0,33.5,13.3,82,1014.6,26.7,11.3,7,0,0,,Partially cloudy,partly-cloudy-day,"LEBL,D1298,LELL,08181099999,08176399999"
Barselona,2023-07-07T22:00:00,25,25,20.5,75.76,0,0,,0,0,27,13.4,46,1015.5,88,11.3,0,0,0,,Partially cloudy,partly-cloudy-night,"LEBL,D1298,LELL,08181099999,08176399999"
Barselona,2023-07-07T23:00:00,24.2,24.2,20.6,80.15,0,0,,0,0,28.8,13.5,17,1016.3,50,11.3,0,0,0,,Partially cloudy,partly-cloudy-night,"LEBL,D1298,LELL,08181099999,08176399999"
Barselona,2023-07-08T00:00:00,23.6,23.6,20,80.67,0,0,,0,0,25.2,13.5,2,1016.5,25,12.3,0,0,0,,Partially cloudy,partly-cloudy-night,"LEBL,D1298,LELL,08181099999,08176399999"
Barselona,2023-07-08T01:00:00,24.2,24.2,19.5,75.36,0,0,,0,0,24.5,13.7,52,1015.6,25,11.7,0,0,0,,Partially cloudy,partly-cloudy-night,"LEBL,D1298,LELL,08181099999,08176399999"
Barselona,2023-07-08T02:00:00,23.8,23.8,18.5,72.31,0,0,,0,0,16.6,8.8,25,1014.6,16.2,16.6,0,0,0,,Clear,clear-night,"LEBL,D1298,LELL,08181099999,08176399999"
Barselona,2023-07-08T03:00:00,22.9,22.9,16.7,67.96,0,0,,0,0,15.8,10.1,334,1013.9,25,16.6,0,0,0,,Partially cloudy,partly-cloudy-night,"LEBL,D1298,LELL,08181099999,08176399999"
Barselona,2023-07-08T04:00:00,22.5,22.5,16.7,69.54,0,0,,0,0,16.9,6.6,1,1014.4,25,16.6,0,0,0,,Partially cloudy,partly-cloudy-night,"LEBL,D1298,LELL,08181099999,08176399999"
Barselona,2023-07-08T05:00:00,22.5,22.5,17.9,75.17,0,0,,0,0,16.6,10.4,21,1014.7,16.2,14.3,0,0,0,,Clear,clear-night,"LEBL,D1298,LELL,08181099999,08176399999"
Barselona,2023-07-08T06:00:00,21.7,21.7,18.7,83.22,0,0,,0,0,12.6,16,17,1015.6,25,11.3,0,0,0,,Partially cloudy,partly-cloudy-night,"LEBL,D1298,LELL,08181099999,08176399999"
Barselona,2023-07-08T07:00:00,22.6,22.6,18.9,79.64,0,0,,0,0,11.2,15,21,1015.6,25,12,25,0.1,0,,Partially cloudy,partly-cloudy-day,"LEBL,D1298,LELL,08181099999,08176399999"
Barselona,2023-07-08T08:00:00,23.6,23.6,18.2,71.88,0,0,,0,0,9.4,14,352,1015.5,30,16.6,167,0.6,2,,Partially cloudy,partly-cloudy-day,"LEBL,D1298,LELL,08181099999,08176399999"
Barselona,2023-07-08T09:00:00,25.8,25.8,17.3,59.51,0,0,,0,0,38.9,12.4,338,1015.6,10,16.3,325,1.2,3,,Clear,clear-day,"LEBL,D1298,LELL,08181099999,08176399999"
Barselona,2023-07-08T10:00:00,28.6,29.1,16.8,48.86,0,0,,0,0,11.5,10.7,356,1015.7,0,16.6,489,1.8,5,,Clear,clear-day,"LEBL,D1298,LELL,08181099999,08176399999"
Barselona,2023-07-08T11:00:00,29.7,30.4,17.6,48.09,0,0,,0,0,17.3,14.1,122,1016,0,16.6,628,2.3,6,,Clear,clear-day,"LEBL,D1298,LELL,08181099999,08176399999"
Barselona,2023-07-08T12:00:00,30.4,31.2,17.9,47.36,0,0,,0,0,20.9,10.1,129,1016.2,0,13.3,738,2.7,7,,Clear,clear-day,"LEBL,D1298,LELL,08181099999,08176399999"
Barselona,2023-07-08T13:00:00,29.8,31.4,19.4,53.58,0,0,,0,0,23.8,14.4,137,1016.5,0,14.3,802,2.9,8,,Clear,clear-day,"LEBL,D1298,LELL,08181099999,08176399999"
Barselona,2023-07-08T14:00:00,29.6,31.5,20.2,57.01,0,0,,0,0,25.6,16.8,115,1016.2,0,16.6,826,3,8,,Clear,clear-day,"LEBL,D1298,LELL,08181099999,08176399999"
Barselona,2023-07-08T15:00:00,29.5,31.3,20,56.51,0,0,,0,0,24.1,17,130,1016.2,0,10.7,795,2.9,8,,Clear,clear-day,"LEBL,D1298,LELL,08181099999,08176399999"
Barselona,2023-07-08T16:00:00,29.1,31.3,20.6,60.23,0,0,,0,0,24.1,17.2,124,1016.2,0,12.7,722,2.6,7,,Clear,clear-day,"LEBL,D1298,LELL,08181099999,08176399999"
Barselona,2023-07-08T17:00:00,28.6,30.2,19.6,58.01,0,0,,0,0,24.5,19,130,1016.5,0,14,608,2.2,6,,Clear,clear-day,"LEBL,D1298,LELL,08181099999,08176399999"
Barselona,2023-07-08T18:00:00,28.5,29.8,19.3,57.64,0,0,,0,0,22.7,16,129,1016.6,0,16,466,1.7,5,,Clear,clear-day,"LEBL,D1298,LELL,08181099999,08176399999"
Barselona,2023-07-08T19:00:00,27.6,29.1,19.6,61.72,0,0,,0,0,19.1,12.9,133,1016.6,0,14.6,306,1.1,3,,Clear,clear-day,"LEBL,D1298,LELL,08181099999,08176399999"
Barselona,2023-07-08T20:00:00,26.8,28.3,20,66.09,0,0,,0,0,18,13.7,105,1016.6,0,15,139,0.5,1,,Clear,clear-day,"LEBL,D1298,LELL,08181099999,08176399999"
Barselona,2023-07-08T21:00:00,26.2,26.2,20.2,69.71,0,0,,0,0,19.4,11,102,1016.7,2.2,14,9,0,0,,Clear,clear-day,"LEBL,D1298,LELL,08181099999,08176399999"
Barselona,2023-07-08T22:00:00,25.2,25.2,20.3,74.42,0,0,,0,0,20.5,10.5,89,1017.2,0,13,0,0,0,,Clear,clear-night,"LEBL,D1298,LELL,08181099999,08176399999"
Barselona,2023-07-08T23:00:00,25,25,20.2,74.65,0,0,,0,0,19.1,10.1,356,1017.6,10,13.6,0,0,0,,Clear,clear-night,"LEBL,D1298,LELL,08181099999,08176399999"
Barselona,2023-07-09T00:00:00,24.6,24.6,19.8,74.76,0,0,,0,0,13.7,6.8,21,1018,0,13.3,0,0,0,,Clear,clear-night,"LEBL,D1298,LELL,08181099999,08176399999"
Barselona,2023-07-09T01:00:00,24.3,24.3,19.2,72.97,0,0,,0,0,7.9,5.8,20,1018,0,14.3,0,0,0,,Clear,clear-night,"LEBL,D1298,LELL,08181099999,08176399999"
Barselona,2023-07-09T02:00:00,23.5,23.5,17.7,69.95,0,0,,0,0,8.6,6.7,330,1017.6,10,16.6,0,0,0,,Clear,clear-night,"LEBL,D1298,LELL,08181099999,08176399999"
Barselona,2023-07-09T03:00:00,23.1,23.1,18,72.98,0,0,,0,0,6.5,6.1,358,1017.5,0,15.6,0,0,0,,Clear,clear-night,"LEBL,D1298,LELL,08181099999,08176399999"
Barselona,2023-07-09T04:00:00,22.9,22.9,17.7,72.54,0,0,,0,0,6.1,5.9,341,1017.6,0,14.3,0,0,0,,Clear,clear-night,"LEBL,D1298,LELL,08181099999,08176399999"
Barselona,2023-07-09T05:00:00,22.4,22.4,17.7,74.83,0,0,,0,0,4,4.1,337,1017.6,10,14.3,0,0,0,,Clear,clear-night,"LEBL,D1298,LELL,08181099999,08176399999"
Barselona,2023-07-09T06:00:00,21.7,21.7,17.4,76.75,0,0,,0,0,4.7,5.7,314,1018.2,0,14.3,0,0,0,,Clear,clear-night,"LEBL,D1298,LELL,08181099999,08176399999"
Barselona,2023-07-09T07:00:00,21.7,21.7,17.4,76.79,0,0,,0,0,5.4,6,346,1018.2,0.6,13.6,28,0.1,0,,Clear,clear-day,"LEBL,D1298,LELL,08181099999,08176399999"
Barselona,2023-07-09T08:00:00,23.7,23.7,17.7,68.78,0,0,,0,0,5.8,5.9,341,1018.6,14,15.3,153,0.6,2,,Clear,clear-day,"LEBL,D1298,LELL,08181099999,08176399999"
Barselona,2023-07-09T09:00:00,26,26,18.7,63.93,0,0,,0,0,7.2,4.4,344,1019,3.4,13,302,1.1,3,,Clear,clear-day,"LEBL,D1298,LELL,08181099999,08176399999"
Barselona,2023-07-09T10:00:00,28.1,28.8,17.5,52.63,0,0,,0,0,6.8,4.2,28,1018.7,35.3,14,459,1.7,5,,Partially cloudy,partly-cloudy-day,"LEBL,D1298,LELL,08181099999,08176399999"
Barselona,2023-07-09T11:00:00,29,30.2,18.7,53.78,0,0,,0,0,10.1,8.5,160,1019,0,14,598,2.2,6,,Clear,clear-day,"LEBL,D1298,LELL,08181099999,08176399999"
Barselona,2023-07-09T12:00:00,30.1,30.7,17.5,46.85,0,0,,0,0,12.2,11.1,153,1019,5.6,12.7,705,2.5,7,,Clear,clear-day,"LEBL,D1298,LELL,08181099999,08176399999"
Barselona,2023-07-09T13:00:00,29.6,31.1,19.4,54.06,0,0,,0,0,18,15.6,148,1019.1,12.3,14,770,2.8,8,,Clear,clear-day,"LEBL,D1298,LELL,08181099999,08176399999"
Barselona,2023-07-09T14:00:00,29.1,30.2,18.5,52.84,0,0,,0,0,19.4,16.2,141,1019.1,10,14,798,2.9,8,,Clear,clear-day,"LEBL,D1298,LELL,08181099999,08176399999"
Barselona,2023-07-09T15:00:00,28.3,29.8,19.7,59.66,0,0,,0,0,19.4,18.1,127,1019.2,27.4,14.6,703,2.5,7,,Partially cloudy,partly-cloudy-day,"LEBL,D1298,LELL,08181099999,08176399999"
Barselona,2023-07-09T16:00:00,28.4,30.3,20.3,61.39,0,0,,0,0,17.6,16.1,131,1019.1,25,16.3,744,2.7,7,,Partially cloudy,partly-cloudy-day,"LEBL,D1298,LELL,08181099999,08176399999"
Barselona,2023-07-09T17:00:00,28.3,30.6,21.3,66.13,0,0,,0,0,14.4,14.1,126,1019,33.8,14,580,2.1,6,,Partially cloudy,partly-cloudy-day,"LEBL,D1298,LELL,08181099999,08176399999"
Barselona,2023-07-09T18:00:00,27.5,29.7,21.3,68.95,0,0,,0,0,12.2,13.9,129,1018.4,25,14,464,1.7,5,,Partially cloudy,partly-cloudy-day,"LEBL,D1298,LELL,08181099999,08176399999"
Barselona,2023-07-09T19:00:00,27.1,29,21.2,70.06,0,0,,0,0,12.2,11.3,111,1018.1,25,14,290,1,3,,Partially cloudy,partly-cloudy-day,"LEBL,D1298,LELL,08181099999,08176399999"
Barselona,2023-07-09T20:00:00,26.6,26.6,21.6,74.18,0,0,,0,0,13.3,11.6,112,1018.4,27.9,13.3,127,0.5,1,,Partially cloudy,partly-cloudy-day,"LEBL,D1298,LELL,08181099999,08176399999"
Barselona,2023-07-09T21:00:00,25.4,25.4,21.3,78.3,0,0,,0,0,14.8,10.2,102,1018.6,25,12.7,18,0.1,0,,Partially cloudy,partly-cloudy-day,"LEBL,D1298,LELL,08181099999,08176399999"
Barselona,2023-07-09T22:00:00,24.5,24.5,21.5,82.92,0,0,,0,0,16.9,11.2,106,1019.2,25,10.7,0,0,0,,Partially cloudy,partly-cloudy-night,"LEBL,D1298,LELL,08181099999,08176399999"
Barselona,2023-07-09T23:00:00,24.2,24.2,22,87.53,0,0,,0,0,20.2,11.9,97,1019.6,16.2,11.7,0,0,0,,Clear,clear-night,"LEBL,D1298,LELL,08181099999,08176399999"
Barselona,2023-07-10T00:00:00,24.2,24.2,21.6,85.34,0,0,,0,0,20.5,9.1,111,1020.3,25,12.3,0,0,0,,Partially cloudy,partly-cloudy-night,"LEBL,D1298,LELL,08181099999,08176399999"
Barselona,2023-07-10T01:00:00,24.2,24.2,21.7,86.29,0,0,,0,0,18.4,11.9,113,1021,50,12.7,0,0,0,,Partially cloudy,partly-cloudy-night,"LEBL,D1298,LELL,08181099999,08176399999"
Barselona,2023-07-10T02:00:00,23.6,23.6,22.2,91.99,0,0,,0,0,13.3,12.6,114,1021,53.6,11.3,0,0,0,,Partially cloudy,partly-cloudy-night,"LEBL,D1298,LELL,08181099999,08176399999"
Barselona,2023-07-10T03:00:00,23.8,23.8,22,89.85,0,0,,0,0,13,9.3,122,1021,95.8,11,0,0,0,,Overcast,cloudy,"LEBL,D1298,LELL,08181099999,08176399999"
Barselona,2023-07-10T04:00:00,23.8,23.8,22,89.85,0,0,,0,0,13.3,7.7,99,1021,92.5,11.3,0,0,0,,Overcast,cloudy,"LEBL,D1298,LELL,08181099999,08176399999"
Barselona,2023-07-10T05:00:00,23.8,23.8,21.8,88.94,0,0,,0,0,11.2,6.3,92,1020.7,84,11.7,0,0,0,,Partially cloudy,partly-cloudy-night,"LEBL,D1298,LELL,08181099999,08176399999"
Barselona,2023-07-10T06:00:00,23.9,23.9,21.4,86.11,0,0,,0,0,10.8,6.9,132,1020.7,95.8,13,0,0,0,,Overcast,cloudy,"LEBL,D1298,LELL,08181099999,08176399999"
Barselona,2023-07-10T07:00:00,23.8,23.8,21.2,85.38,0,0,,0,0,14.8,7.9,360,1020.6,55.5,12,18,0.1,0,,Partially cloudy,partly-cloudy-day,"LEBL,D1298,LELL,08181099999,08176399999"
Barselona,2023-07-10T08:00:00,24.8,24.8,21.2,80.42,0,0,,0,0,16.2,9.5,329,1020.5,16.2,12.7,141,0.5,1,,Clear,clear-day,"LEBL,D1298,LELL,08181099999,08176399999"
Barselona,2023-07-10T09:00:00,26.4,26.4,20.8,71.11,0,0,,0,0,25.9,9.3,13,1020.2,25,11.7,299,1.1,3,,Partially cloudy,partly-cloudy-day,"LEBL,D1298,LELL,08181099999,08176399999"
Barselona,2023-07-10T10:00:00,29,31.3,20.8,61.01,0,0,,0,0,14,5.9,94,1020,0.6,13,450,1.6,5,,Clear,clear-day,"LEBL,D1298,LELL,08181099999,08176399999"
Barselona,2023-07-10T11:00:00,29.6,32.3,21.4,61.61,0,0,,0,0,14.4,12,108,1020.1,0,12.3,592,2.1,6,,Clear,clear-day,"LEBL,D1298,LELL,08181099999,08176399999"
Barselona,2023-07-10T12:00:00,29.5,32.2,21.3,61.45,0,0,,0,0,15.8,16,131,1021,0,16.6,694,2.5,7,,Clear,clear-day,"LEBL,D1298,LELL,08181099999,08176399999"
Barselona,2023-07-10T13:00:00,29.2,32,21.7,64.07,0,0,,0,0,16.9,17.5,133,1021,0,15.2,759,2.7,8,,Clear,clear-day,"D1298,LELL,08181099999,08176399999"
Barselona,2023-07-10T14:00:00,28.3,30.8,21.6,66.88,0,0,,0,0,18.7,16.8,122,1021,27.9,10,780,2.8,8,,Partially cloudy,partly-cloudy-day,"LEBL,D1298,LELL,08181099999,08176399999"
Barselona,2023-07-10T15:00:00,28.2,30.8,21.6,67.41,0,0,,0,0,19.1,16,144,1020.5,25,11.3,735,2.6,7,,Partially cloudy,partly-cloudy-day,"LEBL,D1298,LELL,08181099999,08176399999"
Barselona,2023-07-10T16:00:00,28.8,31.3,21.3,64.21,0,0,,0,0,18,13.5,141,1020.1,0,16,693,2.5,7,,Clear,clear-day,"LEBL,D1298,LELL,08181099999,08176399999"
Barselona,2023-07-10T17:00:00,29.7,32,20.8,58.98,0,0,,0,0,15.1,11.7,145,1019.4,0,13.3,587,2.1,6,,Clear,clear-day,"LEBL,D1298,LELL,08181099999,08176399999"
Barselona,2023-07-10T18:00:00,29.5,31.6,20.5,58.3,0,0,,0,0,11.5,12.5,130,1018.5,0,14.6,443,1.6,4,,Clear,clear-day,"LEBL,D1298,LELL,08181099999,08176399999"
Barselona,2023-07-10T19:00:00,29.1,31.4,20.8,60.89,0,0,,0,0,10.8,11.1,133,1018.1,0,14.3,281,1,3,,Clear,clear-day,"LEBL,D1298,LELL,08181099999,08176399999"
Barselona,2023-07-10T20:00:00,28.1,30.5,21.4,67.03,0,0,,0,0,8.6,9.3,151,1018,0,13.3,121,0.4,1,,Clear,clear-day,"LEBL,D1298,LELL,08181099999,08176399999"
Barselona,2023-07-10T21:00:00,27.3,29.5,21.7,71.56,0,0,,0,0,8.6,6.6,152,1017.7,5.5,14,16,0.1,0,,Clear,clear-day,"LEBL,D1298,LELL,08181099999,08176399999"
Barselona,2023-07-10T22:00:00,26.2,26.2,21.9,77.15,0,0,,0,0,7.2,6.6,171,1017.7,27.5,13,0,0,0,,Partially cloudy,partly-cloudy-night,"LEBL,D1298,LELL,08181099999,08176399999"
Barselona,2023-07-10T23:00:00,25.8,25.8,22.2,80.52,0,0,,0,0,5.4,4.2,181,1018,10,12.3,0,0,0,,Clear,clear-night,"LEBL,D1298,LELL,08181099999,08176399999"
